Number doctors and hospitals,Number of proposals,Average rank of match for doctors,Average rank of match for hospitals
100,389,2.89,21.01
100,428,3.28,24.23
100,449,3.49,21.92
100,364,2.64,22.13
100,456,3.56,18.24
100,544,4.44,19.84
100,460,3.6,16.24
100,582,4.82,14.91
100,579,4.79,16.85
100,386,2.86,20.71
100,356,2.56,23.03
100,433,3.33,20.6
100,438,3.38,20.04
100,476,3.76,17.76
100,619,5.19,14.45
100,524,4.24,18.35
100,331,2.31,27.39
100,381,2.81,25.45
100,424,3.24,21.13
100,604,5.04,11.96
100,370,2.7,23.82
100,352,2.52,23.79
100,432,3.32,24.41
100,504,4.04,18.34
100,589,4.89,18.15
100,592,4.92,16.09
100,325,2.25,28.77
100,424,3.24,22.66
100,310,2.1,27.09
100,293,1.93,34.66
100,450,3.5,24.51
100,639,5.39,15.19
100,512,4.12,16.83
100,448,3.48,17.22
100,531,4.31,16.82
100,547,4.47,16.36
100,471,3.71,21.73
100,870,7.7,9.81
100,488,3.88,20.58
100,612,5.12,17.24
100,479,3.79,17.67
100,902,8.02,10.83
100,393,2.93,21.49
100,369,2.69,22.01
100,472,3.72,20.56
100,338,2.38,25.95
100,423,3.23,20.29
100,423,3.23,21.03
100,511,4.11,20.66
100,604,5.04,18.2
100,455,3.55,21.19
100,461,3.61,22.11
100,405,3.05,18.54
100,327,2.27,26.71
100,504,4.04,19.08
100,444,3.44,21.96
100,470,3.7,17.34
100,438,3.38,20.1
100,504,4.04,17.71
100,459,3.59,15.23
100,602,5.02,16.09
100,478,3.78,16.03
100,407,3.07,21.39
100,433,3.33,20.72
100,550,4.5,15.78
100,650,5.5,12.68
100,468,3.68,19.76
100,538,4.38,18.27
100,412,3.12,22.85
100,432,3.32,24.43
100,426,3.26,20.2
100,503,4.03,19.13
100,427,3.27,19.97
100,467,3.67,16.59
100,411,3.11,20.15
100,346,2.46,25.48
100,511,4.11,17.51
100,382,2.82,20.29
100,416,3.16,22.99
100,579,4.79,18.13
100,392,2.92,22.03
100,550,4.5,17.69
100,350,2.5,24.04
100,373,2.73,23.84
100,945,8.45,9.74
100,568,4.68,18.22
100,522,4.22,18.54
100,510,4.1,17.93
100,410,3.1,22.21
100,474,3.74,19.4
100,512,4.12,19.01
100,477,3.77,21.75
100,393,2.93,26.06
100,400,3,22.1
100,427,3.27,22.56
100,383,2.83,21.13
100,510,4.1,18.22
100,454,3.54,19.32
100,520,4.2,18.34
100,392,2.92,24.24
200,1188,4.94,36.115
200,965,3.825,41.7
200,1389,5.945,26.61
200,1126,4.63,34.235
200,1126,4.63,35.56
200,1101,4.505,32.53
200,1473,6.365,25.79
200,1036,4.18,36.355
200,955,3.775,40.485
200,939,3.695,36.19
200,1395,5.975,25.96
200,1106,4.53,32.35
200,1020,4.1,33.15
200,1110,4.55,29.845
200,937,3.685,44.165
200,995,3.975,32.76
200,1023,4.115,33.975
200,953,3.765,42.795
200,1094,4.47,35.74
200,1488,6.44,23.995
200,1519,6.595,25.035
200,1049,4.245,39.41
200,1174,4.87,35.095
200,1304,5.52,31.345
200,1796,7.98,23.725
200,1525,6.625,25.265
200,1422,6.11,25.68
200,876,3.38,37.855
200,1288,5.44,28.78
200,1347,5.735,29.835
200,981,3.905,41.075
200,1079,4.395,35.27
200,1228,5.14,33.76
200,1047,4.235,39.255
200,996,3.98,39.475
200,1140,4.7,34.1
200,868,3.34,47.08
200,925,3.625,37.98
200,965,3.825,40.9
200,795,2.975,54.32
200,966,3.83,35.22
200,832,3.16,44.125
200,1043,4.215,35.355
200,1046,4.23,36.425
200,995,3.975,43.16
200,1283,5.415,28.47
200,1276,5.38,30.71
200,975,3.875,37.525
200,928,3.64,38.545
200,1325,5.625,29.96
200,863,3.315,41.77
200,971,3.855,38.455
200,1414,6.07,26.035
200,1022,4.11,34.28
200,1283,5.415,30.46
200,876,3.38,43.475
200,1394,5.97,24.935
200,1260,5.3,32.24
200,775,2.875,47.995
200,1064,4.32,34.96
200,1072,4.36,36.05
200,1062,4.31,36.485
200,921,3.605,44.52
200,1187,4.935,30.915
200,1094,4.47,34.295
200,1256,5.28,29.065
200,1179,4.895,34.95
200,929,3.645,42.98
200,936,3.68,36.09
200,1074,4.37,36.025
200,1158,4.79,35.945
200,2191,9.955,18.315
200,1337,5.685,30.41
200,966,3.83,39.07
200,1550,6.75,24.71
200,1417,6.085,27.54
200,1152,4.76,32.32
200,953,3.765,36.29
200,960,3.8,41.125
200,1198,4.99,35.485
200,1004,4.02,36.715
200,1099,4.495,37.99
200,920,3.6,40.82
200,1346,5.73,30.36
200,1245,5.225,28.865
200,884,3.42,42.54
200,1052,4.26,36.085
200,1057,4.285,36.285
200,1135,4.675,38.21
200,1260,5.3,28.29
200,1081,4.405,33.95
200,1340,5.7,30.065
200,970,3.85,36.675
200,974,3.87,36.205
200,1278,5.39,33.745
200,1034,4.17,34.39
200,1107,4.535,32.56
200,1007,4.035,39.25
200,1172,4.86,33.14
200,1197,4.985,30.395
300,1737,4.79,51.61
300,1443,3.81,67.64
300,1715,4.716666666666667,55.583333333333336
300,1976,5.586666666666667,42.85666666666667
300,2168,6.226666666666667,37.806666666666665
300,1812,5.04,49.583333333333336
300,2102,6.006666666666667,40.526666666666664
300,2652,7.84,30.863333333333333
300,1780,4.933333333333334,46.49666666666667
300,1824,5.08,51.67666666666667
300,2232,6.44,37.833333333333336
300,1274,3.2466666666666666,63.58
300,1701,4.67,50.17333333333333
300,1482,3.94,60.38666666666666
300,1955,5.516666666666667,45.373333333333335
300,1694,4.6466666666666665,51.57
300,1485,3.95,62.163333333333334
300,1257,3.19,66.91333333333333
300,1396,3.6533333333333333,62.00333333333333
300,1657,4.523333333333333,57.19
300,1564,4.213333333333333,58.42333333333333
300,1547,4.156666666666666,54.04333333333334
300,1552,4.173333333333333,53.67
300,2519,7.3966666666666665,34.166666666666664
300,1823,5.076666666666667,45.62
300,2076,5.92,41.553333333333335
300,1811,5.036666666666667,48.27333333333333
300,1914,5.38,44.97
300,1790,4.966666666666667,51.29666666666667
300,2273,6.576666666666667,37.276666666666664
300,3216,9.72,26.123333333333335
300,2846,8.486666666666666,30.586666666666666
300,1944,5.48,39.98
300,1756,4.8533333333333335,53.276666666666664
300,2255,6.516666666666667,38.28666666666667
300,1346,3.486666666666667,59.85666666666667
300,1985,5.616666666666666,43.22666666666667
300,2441,7.136666666666667,36.32
300,1466,3.8866666666666667,60.333333333333336
300,1860,5.2,43.88666666666666
300,2165,6.216666666666667,43.50333333333333
300,1776,4.92,48.24333333333333
300,1704,4.68,45.89333333333333
300,1617,4.39,51.236666666666665
300,1573,4.243333333333333,56.63333333333333
300,1581,4.27,51.84
300,2175,6.25,42.17333333333333
300,1458,3.86,58.81
300,1741,4.803333333333334,48.156666666666666
300,1274,3.2466666666666666,62.45
300,1654,4.513333333333334,51.693333333333335
300,2382,6.94,37.72
300,1576,4.253333333333333,57.59
300,2019,5.73,44.93
300,2212,6.373333333333333,38.766666666666666
300,1665,4.55,54.3
300,2101,6.003333333333333,42.06
300,2327,6.756666666666667,36.97
300,1838,5.126666666666667,48.38333333333333
300,1656,4.52,53.11333333333334
300,2358,6.86,38.696666666666665
300,1822,5.073333333333333,49.54333333333334
300,1516,4.053333333333334,53.913333333333334
300,2184,6.28,40.50666666666667
300,1763,4.876666666666667,51.95333333333333
300,2164,6.213333333333333,38.653333333333336
300,1509,4.03,58.586666666666666
300,1383,3.61,63.99333333333333
300,1633,4.443333333333333,54.32333333333333
300,1413,3.71,61.733333333333334
300,2044,5.8133333333333335,41.71666666666667
300,2804,8.346666666666666,30.74
300,1909,5.363333333333333,48.586666666666666
300,2003,5.676666666666667,40.303333333333335
300,1527,4.09,54.81
300,2201,6.336666666666667,39.04333333333334
300,1992,5.64,43.84
300,1470,3.9,60.373333333333335
300,1645,4.483333333333333,55.223333333333336
300,1804,5.013333333333334,46.666666666666664
300,1930,5.433333333333334,42.053333333333335
300,1687,4.623333333333333,49.446666666666665
300,2341,6.803333333333334,37.5
300,1600,4.333333333333333,50.49333333333333
300,1900,5.333333333333333,45.626666666666665
300,1859,5.196666666666666,49.766666666666666
300,1441,3.8033333333333332,58.22
300,1566,4.22,54.416666666666664
300,1852,5.173333333333333,44.74666666666667
300,1605,4.35,53.18
300,1336,3.453333333333333,66.40333333333334
300,1365,3.55,64.63666666666667
300,2005,5.683333333333334,44.77333333333333
300,1855,5.183333333333334,46.193333333333335
300,1625,4.416666666666667,49.9
300,1685,4.616666666666666,52.28
300,2341,6.803333333333334,39.75
300,2186,6.286666666666667,36.373333333333335
300,2485,7.283333333333333,37.05
300,2119,6.0633333333333335,44.55
400,2224,4.56,70.9175
400,2231,4.5775,69.37
400,2700,5.75,60.225
400,2427,5.0675,65.2425
400,2393,4.9825,64.37
400,4560,10.4,35.42
400,2379,4.9475,64.945
400,2469,5.1725,66.0125
400,2198,4.495,71.2775
400,2237,4.5925,74.9975
400,2781,5.9525,54.0525
400,2652,5.63,56.6975
400,2267,4.6675,68.3525
400,2536,5.34,58.5875
400,2685,5.7125,55.9525
400,2366,4.915,68.93
400,2571,5.4275,59.035
400,2834,6.085,57.2925
400,2352,4.88,71.5875
400,2674,5.685,58.235
400,3427,7.5675,47.305
400,2561,5.4025,61.2825
400,2416,5.04,64.9325
400,2674,5.685,61.1375
400,2549,5.3725,65.245
400,2022,4.055,78.1675
400,2869,6.1725,54.105
400,3156,6.89,40.6225
400,2678,5.695,56.705
400,3681,8.2025,40.6225
400,2787,5.9675,55.79
400,1944,3.86,73.5375
400,2565,5.4125,62.9525
400,2414,5.035,65.15
400,2114,4.285,81.5325
400,2704,5.76,55.7
400,2108,4.27,74.3725
400,2228,4.57,73.0125
400,2317,4.7925,72.605
400,2335,4.8375,66.6175
400,3379,7.4475,53.77
400,2631,5.5775,58.515
400,2004,4.01,75.275
400,2296,4.74,69.4325
400,2871,6.1775,52.2475
400,2200,4.5,64.6775
400,2879,6.1975,54.9425
400,2301,4.7525,65.9575
400,3520,7.8,45.585
400,2533,5.3325,63.7225
400,2349,4.8725,72.785
400,2715,5.7875,55.29
400,1957,3.8925,73.43
400,2112,4.28,67.9375
400,2202,4.505,75.5925
400,1993,3.9825,76.8025
400,1968,3.92,82.7125
400,2144,4.36,65.705
400,2969,6.4225,53.2525
400,2481,5.2025,64.1875
400,1896,3.74,82.345
400,2830,6.075,57.1875
400,2648,5.62,59.3875
400,2486,5.215,66.525
400,3187,6.9675,46.0075
400,3104,6.76,50.4175
400,2124,4.31,72.7375
400,2445,5.1125,64.8025
400,2920,6.3,52.845
400,2281,4.7025,60.9875
400,2317,4.7925,68.7875
400,2504,5.26,64.5475
400,2535,5.3375,63.8625
400,2816,6.04,51.35
400,2260,4.65,67.7325
400,2552,5.38,61.0975
400,1829,3.5725,80.1975
400,2396,4.99,61.01
400,3445,7.6125,46.47
400,2562,5.405,58.2725
400,2880,6.2,53.9975
400,2281,4.7025,68.885
400,2151,4.3775,76.1225
400,2348,4.87,67.6575
400,2683,5.7075,53.0025
400,3555,7.8875,40.855
400,2888,6.22,52.5275
400,3034,6.585,48.88
400,2890,6.225,53.8325
400,3708,8.27,40.8175
400,2235,4.5875,68.3
400,2317,4.7925,66.67
400,2850,6.125,53.455
400,2975,6.4375,56.84
400,2353,4.8825,67.81
400,2346,4.865,66.6375
400,2126,4.315,77.045
400,2213,4.5325,68.8575
400,2222,4.555,64.8475
400,1859,3.6475,82.8475
500,3599,6.198,71.642
500,4327,7.654,59.758
500,3965,6.93,63.668
500,3326,5.652,69.3
500,4506,8.012,51.388
500,2654,4.308,92.202
500,2925,4.85,84.988
500,3930,6.86,59.828
500,2976,4.952,80.53
500,3556,6.112,68.262
500,3087,5.174,85.712
500,2896,4.792,84.824
500,4440,7.88,53.204
500,2690,4.38,86.36
500,5193,9.386,46.992
500,5013,9.026,48.5
500,3969,6.938,58.694
500,4059,7.118,63.484
500,4204,7.408,54.566
500,3292,5.584,76.86
500,2375,3.75,102.698
500,3359,5.718,74.368
500,3215,5.43,72.172
500,5012,9.024,48.98
500,3488,5.976,74.12
500,2894,4.788,82.63
500,3826,6.652,60.416
500,3474,5.948,71.01
500,6229,11.458,37.706
500,4894,8.788,53.112
500,3520,6.04,70.672
500,3699,6.398,64.726
500,3582,6.164,70.582
500,2890,4.78,85.158
500,2515,4.03,98.334
500,3615,6.23,64.148
500,2829,4.658,85.324
500,3680,6.36,68.42
500,4771,8.542,52
500,2835,4.67,86.388
500,3995,6.99,59.644
500,3226,5.452,73.002
500,3185,5.37,77.71
500,3279,5.558,80.442
500,3744,6.488,69.506
500,3249,5.498,79.036
500,2618,4.236,92.626
500,3221,5.442,76.436
500,3281,5.562,83.116
500,2806,4.612,82.59
500,2767,4.534,90.588
500,3269,5.538,78.264
500,3298,5.596,74.238
500,2505,4.01,93.444
500,3856,6.712,64.856
500,3780,6.56,63.972
500,2873,4.746,83.79
500,3734,6.468,62.704
500,3665,6.33,64.074
500,3167,5.334,76.216
500,3904,6.808,61.916
500,3581,6.162,64.63
500,2616,4.232,98.228
500,3703,6.406,68.716
500,3840,6.68,67.268
500,3087,5.174,81.4
500,2756,4.512,96.722
500,3383,5.766,72.398
500,4742,8.484,54.59
500,3356,5.712,71.662
500,3441,5.882,63.492
500,3186,5.372,77.796
500,2415,3.83,98.836
500,3440,5.88,73.08
500,3221,5.442,84.908
500,3865,6.73,59.01
500,3077,5.154,77.846
500,2620,4.24,91.098
500,3329,5.658,76.718
500,2405,3.81,102.288
500,4309,7.618,54.18
500,3521,6.042,71.282
500,3101,5.202,74.406
500,4201,7.402,58.328
500,3338,5.676,73.838
500,3619,6.238,70.948
500,3306,5.612,75.55
500,2691,4.382,89.4
500,2995,4.99,80.176
500,2681,4.362,86.468
500,2935,4.87,88.762
500,3713,6.426,65.762
500,2809,4.618,79.712
500,3188,5.376,77.18
500,2743,4.486,88.642
500,2924,4.848,90.614
500,3090,5.18,86.268
500,3897,6.794,62.846
500,2753,4.506,92.014
500,3907,6.814,64.208
600,3501,4.835,99.53166666666667
600,4939,7.2316666666666665,76.255
600,4008,5.68,88.25166666666667
600,4214,6.023333333333333,79.92166666666667
600,4697,6.828333333333333,78.71166666666667
600,6200,9.333333333333334,60.055
600,4093,5.821666666666666,84.865
600,3442,4.736666666666666,107.85
600,4078,5.796666666666667,89.33833333333334
600,4612,6.6866666666666665,79.445
600,3244,4.406666666666666,108.55
600,3878,5.463333333333333,93.39666666666666
600,3760,5.266666666666667,93.33833333333334
600,4383,6.305,84.28
600,4068,5.78,82.79833333333333
600,4984,7.306666666666667,72.49333333333334
600,5877,8.795,62.225
600,3961,5.601666666666667,81.14666666666666
600,5256,7.76,70.43833333333333
600,3636,5.06,95.93333333333334
600,3836,5.3933333333333335,91.62333333333333
600,4423,6.371666666666667,78.30833333333334
600,5405,8.008333333333333,68.78
600,4070,5.783333333333333,83.135
600,3869,5.448333333333333,90.98666666666666
600,3523,4.871666666666667,105.21
600,3249,4.415,99.37166666666667
600,4748,6.913333333333333,73.695
600,3329,4.548333333333333,103.55833333333334
600,4490,6.483333333333333,76.79166666666667
600,3925,5.541666666666667,91.865
600,3677,5.128333333333333,91.09
600,3619,5.031666666666666,99.11166666666666
600,4521,6.535,79.04666666666667
600,3977,5.628333333333333,91.72833333333334
600,3825,5.375,88.88
600,3730,5.216666666666667,92.41666666666667
600,3369,4.615,105.13666666666667
600,4779,6.965,70.695
600,4722,6.87,75.61666666666666
600,4672,6.786666666666667,78.00833333333334
600,3669,5.115,94.72
600,5289,7.815,63.64333333333333
600,3694,5.156666666666666,94.67666666666666
600,3530,4.883333333333334,99.08833333333334
600,3187,4.3116666666666665,109.14833333333333
600,5085,7.475,70.25166666666667
600,4688,6.8133333333333335,76.87333333333333
600,4148,5.913333333333333,80.71666666666667
600,3757,5.261666666666667,91.85333333333334
600,4764,6.94,71.91
600,3665,5.108333333333333,92.47666666666667
600,5143,7.571666666666666,70.41333333333333
600,5163,7.605,71.19
600,3745,5.241666666666666,97.275
600,3598,4.996666666666667,99.14666666666666
600,3463,4.7716666666666665,106.66333333333333
600,4667,6.778333333333333,76.46333333333334
600,3588,4.98,101.04
600,4381,6.301666666666667,82.26666666666667
600,4497,6.495,77.36833333333334
600,4397,6.328333333333333,80.21666666666667
600,4347,6.245,82.16
600,3675,5.125,100.55333333333333
600,4347,6.245,81.59333333333333
600,4733,6.888333333333334,79.48833333333333
600,3765,5.275,90.11166666666666
600,3572,4.953333333333333,96.665
600,4180,5.966666666666667,85.20666666666666
600,3467,4.778333333333333,96.51
600,3692,5.153333333333333,93.29166666666667
600,5221,7.701666666666667,68.52333333333333
600,3558,4.93,96.81166666666667
600,3128,4.213333333333333,114.99333333333334
600,3269,4.448333333333333,111.105
600,3663,5.105,92.54666666666667
600,3747,5.245,91.64666666666666
600,3112,4.1866666666666665,107.6
600,4067,5.778333333333333,91.19833333333334
600,4070,5.783333333333333,88.40166666666667
600,3539,4.898333333333333,103.8
600,4154,5.923333333333333,85.39333333333333
600,3810,5.35,92.78
600,4271,6.118333333333333,84.01833333333333
600,3733,5.221666666666667,92.13166666666666
600,4482,6.47,79.91
600,4531,6.551666666666667,82.18
600,4779,6.965,74.17333333333333
600,3459,4.765,99.80833333333334
600,3386,4.6433333333333335,99.335
600,3309,4.515,107.63166666666666
600,4706,6.843333333333334,72.545
600,3330,4.55,111.95833333333333
600,6256,9.426666666666666,57.986666666666665
600,4424,6.373333333333333,84.15333333333334
600,4168,5.946666666666666,86.895
600,5015,7.358333333333333,68.37833333333333
600,5007,7.345,74.735
600,3686,5.1433333333333335,97.12
600,3422,4.703333333333333,102.77
700,4494,5.42,111.06142857142858
700,5386,6.694285714285714,91.36
700,4496,5.422857142857143,109.87571428571428
700,5420,6.742857142857143,91.89
700,3961,4.658571428571428,125.06857142857143
700,4589,5.555714285714286,107.85571428571428
700,6234,7.905714285714286,77.42857142857143
700,4830,5.9,95.36
700,4664,5.662857142857143,99.22857142857143
700,4672,5.674285714285714,108.77714285714286
700,6429,8.184285714285714,78.19142857142857
700,5461,6.801428571428572,82.12571428571428
700,5254,6.505714285714285,96.70714285714286
700,5052,6.217142857142857,89.89285714285714
700,5561,6.944285714285714,85.91285714285715
700,5869,7.384285714285714,89.88428571428571
700,6918,8.882857142857143,71.41571428571429
700,6634,8.477142857142857,71.83714285714285
700,3281,3.6871428571428573,145.7057142857143
700,4367,5.238571428571428,115.87571428571428
700,5092,6.274285714285714,91.99285714285715
700,4932,6.045714285714285,102.42857142857143
700,4689,5.698571428571428,102.92714285714285
700,7649,9.927142857142858,64.76285714285714
700,5444,6.777142857142858,85.05285714285715
700,4908,6.011428571428572,97.22714285714285
700,5140,6.3428571428571425,96.65285714285714
700,4376,5.251428571428572,111.66571428571429
700,4830,5.9,95.14142857142858
700,4368,5.24,109.88285714285715
700,5408,6.725714285714286,85.44714285714285
700,3640,4.2,131.02857142857144
700,3949,4.6414285714285715,120.52
700,4327,5.1814285714285715,115.29714285714286
700,4518,5.454285714285715,110.54142857142857
700,3823,4.461428571428572,122.10428571428571
700,4533,5.475714285714286,99.18857142857142
700,4763,5.804285714285714,101.75428571428571
700,4431,5.33,111.90428571428572
700,4728,5.7542857142857144,102.08714285714285
700,4823,5.89,106.75142857142858
700,4505,5.435714285714286,109.15714285714286
700,4843,5.918571428571428,98.33142857142857
700,5027,6.1814285714285715,99.70285714285714
700,4845,5.921428571428572,104.76714285714286
700,4649,5.6414285714285715,104.37571428571428
700,5379,6.684285714285714,87.54571428571428
700,6491,8.272857142857143,74.68714285714286
700,5150,6.357142857142857,98.38142857142857
700,4292,5.131428571428572,110.95714285714286
700,3624,4.177142857142857,130.49714285714285
700,4902,6.002857142857143,91.82571428571428
700,4086,4.837142857142857,119.74142857142857
700,4122,4.888571428571429,121.51142857142857
700,4634,5.62,101.75428571428571
700,5381,6.687142857142857,90.03714285714285
700,4514,5.448571428571428,102.42
700,6486,8.265714285714285,72.29714285714286
700,5243,6.49,89.61714285714285
700,4676,5.68,101.59285714285714
700,5245,6.492857142857143,90.20857142857143
700,4899,5.998571428571428,96.73571428571428
700,5449,6.784285714285715,89.78428571428572
700,4353,5.218571428571429,115.53142857142858
700,4645,5.635714285714286,101.01
700,4165,4.95,119.24428571428571
700,5039,6.198571428571428,98.68
700,3900,4.571428571428571,135.38714285714286
700,4694,5.7057142857142855,106.67428571428572
700,4389,5.27,107.05857142857143
700,5140,6.3428571428571425,98.03428571428572
700,5127,6.324285714285714,93.24
700,5146,6.351428571428571,86.94
700,5373,6.675714285714286,93.34857142857143
700,4400,5.285714285714286,107.50428571428571
700,4972,6.102857142857143,97.70142857142856
700,6302,8.002857142857144,70.59857142857143
700,4271,5.101428571428571,104.49285714285715
700,6028,7.611428571428571,83.52714285714286
700,5876,7.394285714285714,82.28
700,4262,5.088571428571429,114.87714285714286
700,4439,5.341428571428572,109.30428571428571
700,5389,6.698571428571428,86.18571428571428
700,5111,6.301428571428572,98.45571428571428
700,4495,5.421428571428572,110.32857142857142
700,4923,6.032857142857143,99.88857142857142
700,4121,4.887142857142857,120.34
700,3533,4.047142857142857,128.89714285714285
700,5474,6.82,88.60571428571428
700,4017,4.738571428571428,125.73142857142857
700,5018,6.168571428571428,95.06857142857143
700,4490,5.414285714285715,101.24714285714286
700,6685,8.55,72.64571428571429
700,5913,7.4471428571428575,79.30142857142857
700,6557,8.367142857142857,73.43571428571428
700,6690,8.557142857142857,72.59142857142857
700,4733,5.761428571428572,101.64571428571429
700,5163,6.3757142857142854,91.60571428571428
700,4659,5.655714285714286,99.37571428571428
700,4285,5.121428571428571,109.61428571428571
800,7292,8.115,88.56
800,7939,8.92375,77.59125
800,5260,5.575,125.215
800,5434,5.7925,116.54375
800,5650,6.0625,114.90875
800,5280,5.6,118.11125
800,4895,5.11875,124.97375
800,7258,8.0725,85.45625
800,6261,6.82625,99.015
800,5845,6.30625,113.07375
800,5260,5.575,123.94375
800,5049,5.31125,127.68875
800,4956,5.195,130.0075
800,5769,6.21125,118.18875
800,5522,5.9025,116.8425
800,8068,9.085,73.6625
800,7201,8.00125,85.45
800,6915,7.64375,86.0925
800,6446,7.0575,102.335
800,6162,6.7025,105.33
800,5379,5.72375,112.905
800,5622,6.0275,111.0425
800,4718,4.8975,131.96875
800,5907,6.38375,105.04
800,4962,5.2025,129.95875
800,6582,7.2275,92.8625
800,4682,4.8525,137.9475
800,4754,4.9425,128.9925
800,4624,4.78,131.58
800,5968,6.46,99.955
800,6451,7.06375,99.32
800,6242,6.8025,100.05
800,7102,7.8775,90.97625
800,7720,8.65,82.6975
800,5794,6.2425,112.30625
800,4700,4.875,133.64
800,5650,6.0625,108.0375
800,6249,6.81125,104.5125
800,3978,3.9725,158.0975
800,5783,6.22875,116.9175
800,5605,6.00625,112.1825
800,7272,8.09,83.8525
800,10040,11.55,62.33625
800,5012,5.265,119.63
800,4914,5.1425,125.0125
800,4907,5.13375,129.7325
800,6527,7.15875,97.55625
800,4948,5.185,124.505
800,5944,6.43,106.32
800,6332,6.915,99.2375
800,4887,5.10875,131.49
800,5953,6.44125,106.12125
800,4179,4.22375,146.8475
800,6146,6.6825,100.28
800,8213,9.26625,77.3675
800,4909,5.13625,130.4525
800,3229,3.03625,190.7425
800,5795,6.24375,114.21375
800,9453,10.81625,64.92875
800,6828,7.535,94.04875
800,6599,7.24875,98.31625
800,5406,5.7575,117.48125
800,6263,6.82875,101.635
800,5181,5.47625,123.165
800,6017,6.52125,100.87125
800,4833,5.04125,131.055
800,5011,5.26375,121.57125
800,4660,4.825,132.66125
800,8584,9.73,77.67875
800,4870,5.0875,128.85
800,5820,6.275,105.665
800,5798,6.2475,114.975
800,5758,6.1975,115.17125
800,5104,5.38,126.25125
800,4386,4.4825,139.42
800,5243,5.55375,125.91875
800,5926,6.4075,107.57625
800,5573,5.96625,111.60125
800,5158,5.4475,123.85625
800,6209,6.76125,104.61125
800,5184,5.48,121.0375
800,4630,4.7875,129.03875
800,6702,7.3775,93.8
800,6353,6.94125,103.35875
800,6200,6.75,98.35875
800,8362,9.4525,79.58625
800,3956,3.945,163.2675
800,5357,5.69625,114.7425
800,5563,5.95375,115.95875
800,6465,7.08125,92.66
800,5469,5.83625,118.895
800,7125,7.90625,91.605
800,6504,7.13,93.84
800,5563,5.95375,112.68375
800,5652,6.065,107.8425
800,5388,5.735,118.8375
800,5397,5.74625,118.855
800,4984,5.23,127.5175
800,5510,5.8875,119.46375
800,4609,4.76125,145.0025
900,5894,5.5488888888888885,131.1511111111111
900,7570,7.411111111111111,104.10555555555555
900,7157,6.952222222222222,105.96333333333334
900,6505,6.227777777777778,126.45111111111112
900,7478,7.308888888888889,109.41444444444444
900,5855,5.5055555555555555,134.81222222222223
900,7952,7.835555555555556,99.55111111111111
900,5301,4.89,154.6211111111111
900,9907,10.007777777777777,76.72222222222223
900,7858,7.731111111111111,106.13111111111111
900,6795,6.55,116.42222222222222
900,8657,8.61888888888889,92.30333333333333
900,8430,8.366666666666667,94.81888888888889
900,6714,6.46,122.82444444444444
900,5815,5.461111111111111,133.82777777777778
900,6487,6.207777777777777,116.41555555555556
900,7948,7.831111111111111,103.23222222222222
900,6453,6.17,126.80666666666667
900,7831,7.7011111111111115,100.64222222222222
900,4982,4.535555555555556,160.3711111111111
900,5645,5.272222222222222,139.41444444444446
900,6053,5.725555555555555,134.32666666666665
900,5182,4.757777777777778,155.1288888888889
900,5993,5.658888888888889,132.43
900,8688,8.653333333333334,92.85222222222222
900,7009,6.7877777777777775,112.84333333333333
900,5564,5.182222222222222,148.49555555555557
900,7112,6.902222222222222,112.74222222222222
900,9723,9.803333333333333,88.27222222222223
900,5493,5.1033333333333335,149.13
900,7735,7.594444444444444,105.55444444444444
900,6471,6.19,123.53222222222222
900,6700,6.444444444444445,113.13777777777777
900,4253,3.7255555555555557,188.44222222222223
900,6359,6.065555555555555,124.8488888888889
900,6217,5.907777777777778,129.82333333333332
900,6787,6.541111111111111,114.58888888888889
900,6320,6.022222222222222,124.1288888888889
900,5144,4.7155555555555555,151.0588888888889
900,7376,7.195555555555556,105.26666666666667
900,7859,7.732222222222222,99.11111111111111
900,6397,6.107777777777778,120.82555555555555
900,5693,5.325555555555556,135.73333333333332
900,5389,4.987777777777778,150.9911111111111
900,6154,5.837777777777778,129.2422222222222
900,7564,7.404444444444445,103.83666666666667
900,7687,7.541111111111111,106.07
900,7118,6.908888888888889,116.22
900,5984,5.648888888888889,127.74555555555555
900,5399,4.998888888888889,143.68444444444444
900,6573,6.303333333333334,120.62
900,9113,9.125555555555556,89.17
900,5270,4.855555555555555,150.48444444444445
900,6652,6.391111111111111,116.55222222222223
900,7222,7.024444444444445,109.67333333333333
900,5842,5.4911111111111115,134.37444444444444
900,5287,4.874444444444444,149.18333333333334
900,7150,6.944444444444445,108.97444444444444
900,5288,4.875555555555556,148.99555555555557
900,6021,5.69,127.61555555555556
900,8398,8.331111111111111,94.88444444444444
900,6745,6.4944444444444445,118.08333333333333
900,8011,7.901111111111111,97.04888888888888
900,8952,8.946666666666667,89.01333333333334
900,6376,6.084444444444444,129.0377777777778
900,5601,5.223333333333334,145.14222222222222
900,8285,8.205555555555556,100.93666666666667
900,6076,5.751111111111111,128.8
900,6589,6.321111111111111,123.71333333333334
900,7153,6.947777777777778,109.24111111111111
900,6627,6.363333333333333,118.08444444444444
900,6019,5.687777777777778,132.10222222222222
900,5403,5.003333333333333,142.91666666666666
900,5589,5.21,146.19555555555556
900,7410,7.233333333333333,107.43888888888888
900,4892,4.435555555555555,160.23888888888888
900,6689,6.432222222222222,117.04444444444445
900,6607,6.341111111111111,119.97
900,5403,5.003333333333333,145.09555555555556
900,8575,8.527777777777779,89.80333333333333
900,5210,4.788888888888889,148.28555555555556
900,5837,5.485555555555556,138.24333333333334
900,6197,5.885555555555555,125.53111111111112
900,6737,6.485555555555556,121.09555555555555
900,7490,7.322222222222222,104.71666666666667
900,6871,6.634444444444444,116.54666666666667
900,5168,4.742222222222222,143.21
900,5439,5.043333333333333,143.01333333333332
900,9181,9.20111111111111,85.63
900,6787,6.541111111111111,116.93222222222222
900,5532,5.1466666666666665,141.1
900,6794,6.5488888888888885,120.28888888888889
900,5881,5.5344444444444445,137.06444444444443
900,4926,4.473333333333334,157.72666666666666
900,6946,6.717777777777778,113.03888888888889
900,9375,9.416666666666666,85.61888888888889
900,6005,5.6722222222222225,136.35555555555555
900,7449,7.276666666666666,106.52888888888889
900,5314,4.904444444444445,154.49555555555557
900,6986,6.762222222222222,117.89111111111112
1000,10468,9.468,95.19
1000,6649,5.649,149.988
1000,7879,6.879,122.798
1000,7114,6.114,135.85
1000,7400,6.4,130.955
1000,8913,7.913,118.174
1000,7554,6.554,130.496
1000,7096,6.096,141.385
1000,7597,6.597,133.502
1000,8029,7.029,123.881
1000,7975,6.975,120.466
1000,6697,5.697,139.77
1000,8033,7.033,128.369
1000,9500,8.5,101.153
1000,7184,6.184,137.166
1000,6582,5.582,151.309
1000,5496,4.496,178.943
1000,7787,6.787,124.729
1000,8390,7.39,118.986
1000,6399,5.399,154.577
1000,6489,5.489,155.707
1000,7456,6.456,133.717
1000,9989,8.989,97.144
1000,8172,7.172,126.009
1000,6504,5.504,153.402
1000,7888,6.888,118.656
1000,6136,5.136,156.954
1000,6847,5.847,143.333
1000,6296,5.296,163.992
1000,5686,4.686,173.484
1000,7211,6.211,136.872
1000,6509,5.509,152.775
1000,7791,6.791,130.4
1000,8292,7.292,122.229
1000,8386,7.386,116.964
1000,7625,6.625,135.017
1000,8789,7.789,118.753
1000,8162,7.162,121.801
1000,5970,4.97,161.675
1000,7323,6.323,133.93
1000,7266,6.266,140.268
1000,7681,6.681,126.097
1000,5738,4.738,169.463
1000,8435,7.435,113.965
1000,7188,6.188,142.653
1000,6397,5.397,151.031
1000,6028,5.028,156.439
1000,6455,5.455,153.757
1000,7549,6.549,142.144
1000,5815,4.815,168.095
1000,6619,5.619,155.393
1000,6453,5.453,151.703
1000,6215,5.215,156.656
1000,7288,6.288,137.262
1000,6004,5.004,168.752
1000,8088,7.088,125.902
1000,8233,7.233,116.302
1000,7787,6.787,118.982
1000,14997,13.997,67.222
1000,6232,5.232,157.185
1000,5602,4.602,163.786
1000,7596,6.596,130.209
1000,6217,5.217,150.357
1000,8164,7.164,121.989
1000,5558,4.558,170.064
1000,6631,5.631,146.494
1000,7629,6.629,133.321
1000,8539,7.539,112.748
1000,8349,7.349,122.686
1000,7130,6.13,140.36
1000,7304,6.304,143.052
1000,5793,4.793,168.658
1000,8680,7.68,112.185
1000,8621,7.621,117.149
1000,7755,6.755,126.478
1000,6086,5.086,163.624
1000,8630,7.63,119.015
1000,6157,5.157,159.895
1000,9539,8.539,100.149
1000,8885,7.885,111.033
1000,7350,6.35,136.171
1000,6970,5.97,141.285
1000,7338,6.338,140.189
1000,6744,5.744,148.022
1000,6590,5.59,147.465
1000,6893,5.893,146.081
1000,7338,6.338,135.286
1000,6771,5.771,154.896
1000,9094,8.094,103.445
1000,6708,5.708,146.841
1000,10189,9.189,103.52
1000,7530,6.53,130.587
1000,8397,7.397,112.055
1000,5883,4.883,167.035
1000,9681,8.681,102.856
1000,7486,6.486,127.863
1000,7138,6.138,139.148
1000,6908,5.908,142.992
1000,9341,8.341,105.96
1000,6472,5.472,154.169
